{"errors":[],"warnings":[],"namedChunkGroups":{"app":{"chunks":[18,4],"assets":["webpack-runtime-cc18fddf2533c403f560.js","webpack-runtime-cc18fddf2533c403f560.js.map","app-7041cfa209d83a718a01.js","app-7041cfa209d83a718a01.js.map"],"children":{},"childAssets":{}},"component---src-templates-speaker-page-js":{"chunks":[0,3,5],"assets":["0.d63497df2dea27196a0a.css","0-88a36f765165d8cbbb4b.js","0.d63497df2dea27196a0a.css.map","0-88a36f765165d8cbbb4b.js.map","3.878866a45e5a341816ad.css","3-70c0ab7d47ab3f613db5.js","3.878866a45e5a341816ad.css.map","3-70c0ab7d47ab3f613db5.js.map","component---src-templates-speaker-page-js-d70971bd69379b0e151b.js","component---src-templates-speaker-page-js-d70971bd69379b0e151b.js.map"],"children":{},"childAssets":{}},"component---src-templates-location-page-js":{"chunks":[0,6],"assets":["0.d63497df2dea27196a0a.css","0-88a36f765165d8cbbb4b.js","0.d63497df2dea27196a0a.css.map","0-88a36f765165d8cbbb4b.js.map","component---src-templates-location-page-js.878866a45e5a341816ad.css","component---src-templates-location-page-js-5ea6af4a43b195377715.js","component---src-templates-location-page-js.878866a45e5a341816ad.css.map","component---src-templates-location-page-js-5ea6af4a43b195377715.js.map"],"children":{},"childAssets":{}},"component---src-templates-static-page-js":{"chunks":[0,7],"assets":["0.d63497df2dea27196a0a.css","0-88a36f765165d8cbbb4b.js","0.d63497df2dea27196a0a.css.map","0-88a36f765165d8cbbb4b.js.map","component---src-templates-static-page-js.878866a45e5a341816ad.css","component---src-templates-static-page-js-5858406156eb8caaede0.js","component---src-templates-static-page-js.878866a45e5a341816ad.css.map","component---src-templates-static-page-js-5858406156eb8caaede0.js.map"],"children":{},"childAssets":{}},"component---src-templates-talk-page-js":{"chunks":[0,1,2,3,8],"assets":["0.d63497df2dea27196a0a.css","0-88a36f765165d8cbbb4b.js","0.d63497df2dea27196a0a.css.map","0-88a36f765165d8cbbb4b.js.map","1-ce36f1b2307e2c32ab90.js","1-ce36f1b2307e2c32ab90.js.map","2-3c8a2d61e28dbc2dc8a9.js","2-3c8a2d61e28dbc2dc8a9.js.map","3.878866a45e5a341816ad.css","3-70c0ab7d47ab3f613db5.js","3.878866a45e5a341816ad.css.map","3-70c0ab7d47ab3f613db5.js.map","component---src-templates-talk-page-js-8d7d12949dcd59a02d76.js","component---src-templates-talk-page-js-8d7d12949dcd59a02d76.js.map"],"children":{},"childAssets":{}},"component---src-pages-404-js":{"chunks":[0,9],"assets":["0.d63497df2dea27196a0a.css","0-88a36f765165d8cbbb4b.js","0.d63497df2dea27196a0a.css.map","0-88a36f765165d8cbbb4b.js.map","component---src-pages-404-js.878866a45e5a341816ad.css","component---src-pages-404-js-e8bcdf9c5d202c965478.js","component---src-pages-404-js.878866a45e5a341816ad.css.map","component---src-pages-404-js-e8bcdf9c5d202c965478.js.map"],"children":{},"childAssets":{}},"component---src-pages-debug-redirects-js":{"chunks":[0,10],"assets":["0.d63497df2dea27196a0a.css","0-88a36f765165d8cbbb4b.js","0.d63497df2dea27196a0a.css.map","0-88a36f765165d8cbbb4b.js.map","component---src-pages-debug-redirects-js.878866a45e5a341816ad.css","component---src-pages-debug-redirects-js-b8bf0850980228f5aac6.js","component---src-pages-debug-redirects-js.878866a45e5a341816ad.css.map","component---src-pages-debug-redirects-js-b8bf0850980228f5aac6.js.map"],"children":{},"childAssets":{}},"component---src-pages-index-js":{"chunks":[0,1,2,3,11],"assets":["0.d63497df2dea27196a0a.css","0-88a36f765165d8cbbb4b.js","0.d63497df2dea27196a0a.css.map","0-88a36f765165d8cbbb4b.js.map","1-ce36f1b2307e2c32ab90.js","1-ce36f1b2307e2c32ab90.js.map","2-3c8a2d61e28dbc2dc8a9.js","2-3c8a2d61e28dbc2dc8a9.js.map","3.878866a45e5a341816ad.css","3-70c0ab7d47ab3f613db5.js","3.878866a45e5a341816ad.css.map","3-70c0ab7d47ab3f613db5.js.map","component---src-pages-index-js-94bb6ab83842f4efcb48.js","component---src-pages-index-js-94bb6ab83842f4efcb48.js.map"],"children":{},"childAssets":{}},"component---src-pages-locations-js":{"chunks":[0,1,12],"assets":["0.d63497df2dea27196a0a.css","0-88a36f765165d8cbbb4b.js","0.d63497df2dea27196a0a.css.map","0-88a36f765165d8cbbb4b.js.map","1-ce36f1b2307e2c32ab90.js","1-ce36f1b2307e2c32ab90.js.map","component---src-pages-locations-js.878866a45e5a341816ad.css","component---src-pages-locations-js-a5aaa0b9de440125c3c2.js","component---src-pages-locations-js.878866a45e5a341816ad.css.map","component---src-pages-locations-js-a5aaa0b9de440125c3c2.js.map"],"children":{},"childAssets":{}},"component---src-pages-speakers-js":{"chunks":[0,1,13],"assets":["0.d63497df2dea27196a0a.css","0-88a36f765165d8cbbb4b.js","0.d63497df2dea27196a0a.css.map","0-88a36f765165d8cbbb4b.js.map","1-ce36f1b2307e2c32ab90.js","1-ce36f1b2307e2c32ab90.js.map","component---src-pages-speakers-js.878866a45e5a341816ad.css","component---src-pages-speakers-js-6a0233f6fef59028a645.js","component---src-pages-speakers-js.878866a45e5a341816ad.css.map","component---src-pages-speakers-js-6a0233f6fef59028a645.js.map"],"children":{},"childAssets":{}},"component---src-pages-tags-js":{"chunks":[0,1,2,14],"assets":["0.d63497df2dea27196a0a.css","0-88a36f765165d8cbbb4b.js","0.d63497df2dea27196a0a.css.map","0-88a36f765165d8cbbb4b.js.map","1-ce36f1b2307e2c32ab90.js","1-ce36f1b2307e2c32ab90.js.map","2-3c8a2d61e28dbc2dc8a9.js","2-3c8a2d61e28dbc2dc8a9.js.map","component---src-pages-tags-js.878866a45e5a341816ad.css","component---src-pages-tags-js-1b9a56b7a4158f4578e1.js","component---src-pages-tags-js.878866a45e5a341816ad.css.map","component---src-pages-tags-js-1b9a56b7a4158f4578e1.js.map"],"children":{},"childAssets":{}},"component---src-pages-talks-js":{"chunks":[0,1,2,15],"assets":["0.d63497df2dea27196a0a.css","0-88a36f765165d8cbbb4b.js","0.d63497df2dea27196a0a.css.map","0-88a36f765165d8cbbb4b.js.map","1-ce36f1b2307e2c32ab90.js","1-ce36f1b2307e2c32ab90.js.map","2-3c8a2d61e28dbc2dc8a9.js","2-3c8a2d61e28dbc2dc8a9.js.map","component---src-pages-talks-js.878866a45e5a341816ad.css","component---src-pages-talks-js-92ba7bf9c81cb0cd660d.js","component---src-pages-talks-js.878866a45e5a341816ad.css.map","component---src-pages-talks-js-92ba7bf9c81cb0cd660d.js.map"],"children":{},"childAssets":{}},"component---src-pages-unterstuetzer-js":{"chunks":[0,3,16],"assets":["0.d63497df2dea27196a0a.css","0-88a36f765165d8cbbb4b.js","0.d63497df2dea27196a0a.css.map","0-88a36f765165d8cbbb4b.js.map","3.878866a45e5a341816ad.css","3-70c0ab7d47ab3f613db5.js","3.878866a45e5a341816ad.css.map","3-70c0ab7d47ab3f613db5.js.map","component---src-pages-unterstuetzer-js-e662897523c22f046eec.js","component---src-pages-unterstuetzer-js-e662897523c22f046eec.js.map"],"children":{},"childAssets":{}}},"assetsByChunkName":{"app":["webpack-runtime-cc18fddf2533c403f560.js","app-7041cfa209d83a718a01.js"],"component---src-templates-speaker-page-js":["0.d63497df2dea27196a0a.css","0-88a36f765165d8cbbb4b.js","3.878866a45e5a341816ad.css","3-70c0ab7d47ab3f613db5.js","component---src-templates-speaker-page-js-d70971bd69379b0e151b.js"],"component---src-templates-location-page-js":["0.d63497df2dea27196a0a.css","0-88a36f765165d8cbbb4b.js","component---src-templates-location-page-js.878866a45e5a341816ad.css","component---src-templates-location-page-js-5ea6af4a43b195377715.js"],"component---src-templates-static-page-js":["0.d63497df2dea27196a0a.css","0-88a36f765165d8cbbb4b.js","component---src-templates-static-page-js.878866a45e5a341816ad.css","component---src-templates-static-page-js-5858406156eb8caaede0.js"],"component---src-templates-talk-page-js":["0.d63497df2dea27196a0a.css","0-88a36f765165d8cbbb4b.js","1-ce36f1b2307e2c32ab90.js","2-3c8a2d61e28dbc2dc8a9.js","3.878866a45e5a341816ad.css","3-70c0ab7d47ab3f613db5.js","component---src-templates-talk-page-js-8d7d12949dcd59a02d76.js"],"component---src-pages-404-js":["0.d63497df2dea27196a0a.css","0-88a36f765165d8cbbb4b.js","component---src-pages-404-js.878866a45e5a341816ad.css","component---src-pages-404-js-e8bcdf9c5d202c965478.js"],