{"errors":[],"warnings":[],"namedChunkGroups":{"app":{"chunks":[18,4],"assets":["webpack-runtime-f4083c2782e16c088680.js","webpack-runtime-f4083c2782e16c088680.js.map","app-da673cbed5e397be35af.js","app-da673cbed5e397be35af.js.map"],"children":{},"childAssets":{}},"component---src-templates-speaker-page-js":{"chunks":[0,3,5],"assets":["0.d63497df2dea27196a0a.css","0-30a09471cd01c3be9fb8.js","0.d63497df2dea27196a0a.css.map","0-30a09471cd01c3be9fb8.js.map","3.878866a45e5a341816ad.css","3-1aad47f3586c5d4d36f7.js","3.878866a45e5a341816ad.css.map","3-1aad47f3586c5d4d36f7.js.map","component---src-templates-speaker-page-js-e850a39005c1c4e63786.js","component---src-templates-speaker-page-js-e850a39005c1c4e63786.js.map"],"children":{},"childAssets":{}},"component---src-templates-location-page-js":{"chunks":[0,6],"assets":["0.d63497df2dea27196a0a.css","0-30a09471cd01c3be9fb8.js","0.d63497df2dea27196a0a.css.map","0-30a09471cd01c3be9fb8.js.map","component---src-templates-location-page-js.878866a45e5a341816ad.css","component---src-templates-location-page-js-b4bd9d5e168ced1e48a4.js","component---src-templates-location-page-js.878866a45e5a341816ad.css.map","component---src-templates-location-page-js-b4bd9d5e168ced1e48a4.js.map"],"children":{},"childAssets":{}},"component---src-templates-static-page-js":{"chunks":[0,7],"assets":["0.d63497df2dea27196a0a.css","0-30a09471cd01c3be9fb8.js","0.d63497df2dea27196a0a.css.map","0-30a09471cd01c3be9fb8.js.map","component---src-templates-static-page-js.878866a45e5a341816ad.css","component---src-templates-static-page-js-b5da701c781ba5ffeb8a.js","component---src-templates-static-page-js.878866a45e5a341816ad.css.map","component---src-templates-static-page-js-b5da701c781ba5ffeb8a.js.map"],"children":{},"childAssets":{}},"component---src-templates-talk-page-js":{"chunks":[0,1,2,3,8],"assets":["0.d63497df2dea27196a0a.css","0-30a09471cd01c3be9fb8.js","0.d63497df2dea27196a0a.css.map","0-30a09471cd01c3be9fb8.js.map","1-2a4eeb4d2e1986026891.js","1-2a4eeb4d2e1986026891.js.map","2-3c8a2d61e28dbc2dc8a9.js","2-3c8a2d61e28dbc2dc8a9.js.map","3.878866a45e5a341816ad.css","3-1aad47f3586c5d4d36f7.js","3.878866a45e5a341816ad.css.map","3-1aad47f3586c5d4d36f7.js.map","component---src-templates-talk-page-js-a58a2264b82f6f340d21.js","component---src-templates-talk-page-js-a58a2264b82f6f340d21.js.map"],"children":{},"childAssets":{}},"component---src-pages-404-js":{"chunks":[0,9],"assets":["0.d63497df2dea27196a0a.css","0-30a09471cd01c3be9fb8.js","0.d63497df2dea27196a0a.css.map","0-30a09471cd01c3be9fb8.js.map","component---src-pages-404-js.878866a45e5a341816ad.css","component---src-pages-404-js-209898f8e90dd72e3c31.js","component---src-pages-404-js.878866a45e5a341816ad.css.map","component---src-pages-404-js-209898f8e90dd72e3c31.js.map"],"children":{},"childAssets":{}},"component---src-pages-debug-redirects-js":{"chunks":[0,10],"assets":["0.d63497df2dea27196a0a.css","0-30a09471cd01c3be9fb8.js","0.d63497df2dea27196a0a.css.map","0-30a09471cd01c3be9fb8.js.map","component---src-pages-debug-redirects-js.878866a45e5a341816ad.css","component---src-pages-debug-redirects-js-925d467e2c9f16cf8c72.js","component---src-pages-debug-redirects-js.878866a45e5a341816ad.css.map","component---src-pages-debug-redirects-js-925d467e2c9f16cf8c72.js.map"],"children":{},"childAssets":{}},"component---src-pages-index-js":{"chunks":[0,1,2,3,11],"assets":["0.d63497df2dea27196a0a.css","0-30a09471cd01c3be9fb8.js","0.d63497df2dea27196a0a.css.map","0-30a09471cd01c3be9fb8.js.map","1-2a4eeb4d2e1986026891.js","1-2a4eeb4d2e1986026891.js.map","2-3c8a2d61e28dbc2dc8a9.js","2-3c8a2d61e28dbc2dc8a9.js.map","3.878866a45e5a341816ad.css","3-1aad47f3586c5d4d36f7.js","3.878866a45e5a341816ad.css.map","3-1aad47f3586c5d4d36f7.js.map","component---src-pages-index-js-5d81b2f2aca5847d063e.js","component---src-pages-index-js-5d81b2f2aca5847d063e.js.map"],"children":{},"childAssets":{}},"component---src-pages-locations-js":{"chunks":[0,1,12],"assets":["0.d63497df2dea27196a0a.css","0-30a09471cd01c3be9fb8.js","0.d63497df2dea27196a0a.css.map","0-30a09471cd01c3be9fb8.js.map","1-2a4eeb4d2e1986026891.js","1-2a4eeb4d2e1986026891.js.map","component---src-pages-locations-js.878866a45e5a341816ad.css","component---src-pages-locations-js-d9ea6bf369d1b4009c94.js","component---src-pages-locations-js.878866a45e5a341816ad.css.map","component---src-pages-locations-js-d9ea6bf369d1b4009c94.js.map"],"children":{},"childAssets":{}},"component---src-pages-speakers-js":{"chunks":[0,1,13],"assets":["0.d63497df2dea27196a0a.css","0-30a09471cd01c3be9fb8.js","0.d63497df2dea27196a0a.css.map","0-30a09471cd01c3be9fb8.js.map","1-2a4eeb4d2e1986026891.js","1-2a4eeb4d2e1986026891.js.map","component---src-pages-speakers-js.878866a45e5a341816ad.css","component---src-pages-speakers-js-52af6f53c4c09ad6a286.js","component---src-pages-speakers-js.878866a45e5a341816ad.css.map","component---src-pages-speakers-js-52af6f53c4c09ad6a286.js.map"],"children":{},"childAssets":{}},"component---src-pages-tags-js":{"chunks":[0,1,2,14],"assets":["0.d63497df2dea27196a0a.css","0-30a09471cd01c3be9fb8.js","0.d63497df2dea27196a0a.css.map","0-30a09471cd01c3be9fb8.js.map","1-2a4eeb4d2e1986026891.js","1-2a4eeb4d2e1986026891.js.map","2-3c8a2d61e28dbc2dc8a9.js","2-3c8a2d61e28dbc2dc8a9.js.map","component---src-pages-tags-js.878866a45e5a341816ad.css","component---src-pages-tags-js-fbafc50bf024f8d0e243.js","component---src-pages-tags-js.878866a45e5a341816ad.css.map","component---src-pages-tags-js-fbafc50bf024f8d0e243.js.map"],"children":{},"childAssets":{}},"component---src-pages-talks-js":{"chunks":[0,1,2,15],"assets":["0.d63497df2dea27196a0a.css","0-30a09471cd01c3be9fb8.js","0.d63497df2dea27196a0a.css.map","0-30a09471cd01c3be9fb8.js.map","1-2a4eeb4d2e1986026891.js","1-2a4eeb4d2e1986026891.js.map","2-3c8a2d61e28dbc2dc8a9.js","2-3c8a2d61e28dbc2dc8a9.js.map","component---src-pages-talks-js.878866a45e5a341816ad.css","component---src-pages-talks-js-789af33423d6b73b4544.js","component---src-pages-talks-js.878866a45e5a341816ad.css.map","component---src-pages-talks-js-789af33423d6b73b4544.js.map"],"children":{},"childAssets":{}},"component---src-pages-unterstuetzer-js":{"chunks":[0,3,16],"assets":["0.d63497df2dea27196a0a.css","0-30a09471cd01c3be9fb8.js","0.d63497df2dea27196a0a.css.map","0-30a09471cd01c3be9fb8.js.map","3.878866a45e5a341816ad.css","3-1aad47f3586c5d4d36f7.js","3.878866a45e5a341816ad.css.map","3-1aad47f3586c5d4d36f7.js.map","component---src-pages-unterstuetzer-js-19352d19ad25486e1dec.js","component---src-pages-unterstuetzer-js-19352d19ad25486e1dec.js.map"],"children":{},"childAssets":{}}},"assetsByChunkName":{"app":["webpack-runtime-f4083c2782e16c088680.js","app-da673cbed5e397be35af.js"],"component---src-templates-speaker-page-js":["0.d63497df2dea27196a0a.css","0-30a09471cd01c3be9fb8.js","3.878866a45e5a341816ad.css","3-1aad47f3586c5d4d36f7.js","component---src-templates-speaker-page-js-e850a39005c1c4e63786.js"],"component---src-templates-location-page-js":["0.d63497df2dea27196a0a.css","0-30a09471cd01c3be9fb8.js","component---src-templates-location-page-js.878866a45e5a341816ad.css","component---src-templates-location-page-js-b4bd9d5e168ced1e48a4.js"],"component---src-templates-static-page-js":["0.d63497df2dea27196a0a.css","0-30a09471cd01c3be9fb8.js","component---src-templates-static-page-js.878866a45e5a341816ad.css","component---src-templates-static-page-js-b5da701c781ba5ffeb8a.js"],"component---src-templates-talk-page-js":["0.d63497df2dea27196a0a.css","0-30a09471cd01c3be9fb8.js","1-2a4eeb4d2e1986026891.js","2-3c8a2d61e28dbc2dc8a9.js","3.878866a45e5a341816ad.css","3-1aad47f3586c5d4d36f7.js","component---src-templates-talk-page-js-a58a2264b82f6f340d21.js"],"component---src-pages-404-js":["0.d63497df2dea27196a0a.css","0-30a09471cd01c3be9fb8.js","component---src-pages-404-js.878866a45e5a341816ad.css","component---src-pages-404-js-209898f8e90dd72e3c31.js"],