{"errors":[],"warnings":[],"namedChunkGroups":{"app":{"chunks":[18,4],"assets":["webpack-runtime-df4019c185d5385f201b.js","webpack-runtime-df4019c185d5385f201b.js.map","app-5a0660b7b9bb2f7da1a2.js","app-5a0660b7b9bb2f7da1a2.js.map"],"children":{},"childAssets":{}},"component---src-templates-speaker-page-js":{"chunks":[0,3,5],"assets":["0.d63497df2dea27196a0a.css","0-30a09471cd01c3be9fb8.js","0.d63497df2dea27196a0a.css.map","0-30a09471cd01c3be9fb8.js.map","3.878866a45e5a341816ad.css","3-96f6a903a26ab456e074.js","3.878866a45e5a341816ad.css.map","3-96f6a903a26ab456e074.js.map","component---src-templates-speaker-page-js-e850a39005c1c4e63786.js","component---src-templates-speaker-page-js-e850a39005c1c4e63786.js.map"],"children":{},"childAssets":{}},"component---src-templates-location-page-js":{"chunks":[0,6],"assets":["0.d63497df2dea27196a0a.css","0-30a09471cd01c3be9fb8.js","0.d63497df2dea27196a0a.css.map","0-30a09471cd01c3be9fb8.js.map","component---src-templates-location-page-js.878866a45e5a341816ad.css","component---src-templates-location-page-js-49a432e5d381f08c14af.js","component---src-templates-location-page-js.878866a45e5a341816ad.css.map","component---src-templates-location-page-js-49a432e5d381f08c14af.js.map"],"children":{},"childAssets":{}},"component---src-templates-static-page-js":{"chunks":[0,7],"assets":["0.d63497df2dea27196a0a.css","0-30a09471cd01c3be9fb8.js","0.d63497df2dea27196a0a.css.map","0-30a09471cd01c3be9fb8.js.map","component---src-templates-static-page-js.878866a45e5a341816ad.css","component---src-templates-static-page-js-e87102a47dd8a164a65a.js","component---src-templates-static-page-js.878866a45e5a341816ad.css.map","component---src-templates-static-page-js-e87102a47dd8a164a65a.js.map"],"children":{},"childAssets":{}},"component---src-templates-talk-page-js":{"chunks":[0,1,2,3,8],"assets":["0.d63497df2dea27196a0a.css","0-30a09471cd01c3be9fb8.js","0.d63497df2dea27196a0a.css.map","0-30a09471cd01c3be9fb8.js.map","1-2a4eeb4d2e1986026891.js","1-2a4eeb4d2e1986026891.js.map","2-3c8a2d61e28dbc2dc8a9.js","2-3c8a2d61e28dbc2dc8a9.js.map","3.878866a45e5a341816ad.css","3-96f6a903a26ab456e074.js","3.878866a45e5a341816ad.css.map","3-96f6a903a26ab456e074.js.map","component---src-templates-talk-page-js-a58a2264b82f6f340d21.js","component---src-templates-talk-page-js-a58a2264b82f6f340d21.js.map"],"children":{},"childAssets":{}},"component---src-pages-404-js":{"chunks":[0,9],"assets":["0.d63497df2dea27196a0a.css","0-30a09471cd01c3be9fb8.js","0.d63497df2dea27196a0a.css.map","0-30a09471cd01c3be9fb8.js.map","component---src-pages-404-js.878866a45e5a341816ad.css","component---src-pages-404-js-8d9a49c4503c58f9169b.js","component---src-pages-404-js.878866a45e5a341816ad.css.map","component---src-pages-404-js-8d9a49c4503c58f9169b.js.map"],"children":{},"childAssets":{}},"component---src-pages-debug-redirects-js":{"chunks":[0,10],"assets":["0.d63497df2dea27196a0a.css","0-30a09471cd01c3be9fb8.js","0.d63497df2dea27196a0a.css.map","0-30a09471cd01c3be9fb8.js.map","component---src-pages-debug-redirects-js.878866a45e5a341816ad.css","component---src-pages-debug-redirects-js-07254df33b8069223f09.js","component---src-pages-debug-redirects-js.878866a45e5a341816ad.css.map","component---src-pages-debug-redirects-js-07254df33b8069223f09.js.map"],"children":{},"childAssets":{}},"component---src-pages-index-js":{"chunks":[0,1,2,3,11],"assets":["0.d63497df2dea27196a0a.css","0-30a09471cd01c3be9fb8.js","0.d63497df2dea27196a0a.css.map","0-30a09471cd01c3be9fb8.js.map","1-2a4eeb4d2e1986026891.js","1-2a4eeb4d2e1986026891.js.map","2-3c8a2d61e28dbc2dc8a9.js","2-3c8a2d61e28dbc2dc8a9.js.map","3.878866a45e5a341816ad.css","3-96f6a903a26ab456e074.js","3.878866a45e5a341816ad.css.map","3-96f6a903a26ab456e074.js.map","component---src-pages-index-js-a975e7d3034ccb9f5b33.js","component---src-pages-index-js-a975e7d3034ccb9f5b33.js.map"],"children":{},"childAssets":{}},"component---src-pages-locations-js":{"chunks":[0,1,12],"assets":["0.d63497df2dea27196a0a.css","0-30a09471cd01c3be9fb8.js","0.d63497df2dea27196a0a.css.map","0-30a09471cd01c3be9fb8.js.map","1-2a4eeb4d2e1986026891.js","1-2a4eeb4d2e1986026891.js.map","component---src-pages-locations-js.878866a45e5a341816ad.css","component---src-pages-locations-js-092f09e69fc59cf21b1d.js","component---src-pages-locations-js.878866a45e5a341816ad.css.map","component---src-pages-locations-js-092f09e69fc59cf21b1d.js.map"],"children":{},"childAssets":{}},"component---src-pages-speakers-js":{"chunks":[0,1,13],"assets":["0.d63497df2dea27196a0a.css","0-30a09471cd01c3be9fb8.js","0.d63497df2dea27196a0a.css.map","0-30a09471cd01c3be9fb8.js.map","1-2a4eeb4d2e1986026891.js","1-2a4eeb4d2e1986026891.js.map","component---src-pages-speakers-js.878866a45e5a341816ad.css","component---src-pages-speakers-js-7c87ba540bffced53329.js","component---src-pages-speakers-js.878866a45e5a341816ad.css.map","component---src-pages-speakers-js-7c87ba540bffced53329.js.map"],"children":{},"childAssets":{}},"component---src-pages-tags-js":{"chunks":[0,1,2,14],"assets":["0.d63497df2dea27196a0a.css","0-30a09471cd01c3be9fb8.js","0.d63497df2dea27196a0a.css.map","0-30a09471cd01c3be9fb8.js.map","1-2a4eeb4d2e1986026891.js","1-2a4eeb4d2e1986026891.js.map","2-3c8a2d61e28dbc2dc8a9.js","2-3c8a2d61e28dbc2dc8a9.js.map","component---src-pages-tags-js.878866a45e5a341816ad.css","component---src-pages-tags-js-726b1c65105d2b324dc0.js","component---src-pages-tags-js.878866a45e5a341816ad.css.map","component---src-pages-tags-js-726b1c65105d2b324dc0.js.map"],"children":{},"childAssets":{}},"component---src-pages-talks-js":{"chunks":[0,1,2,15],"assets":["0.d63497df2dea27196a0a.css","0-30a09471cd01c3be9fb8.js","0.d63497df2dea27196a0a.css.map","0-30a09471cd01c3be9fb8.js.map","1-2a4eeb4d2e1986026891.js","1-2a4eeb4d2e1986026891.js.map","2-3c8a2d61e28dbc2dc8a9.js","2-3c8a2d61e28dbc2dc8a9.js.map","component---src-pages-talks-js.878866a45e5a341816ad.css","component---src-pages-talks-js-92f1bda71291dffad94f.js","component---src-pages-talks-js.878866a45e5a341816ad.css.map","component---src-pages-talks-js-92f1bda71291dffad94f.js.map"],"children":{},"childAssets":{}},"component---src-pages-unterstuetzer-js":{"chunks":[0,3,16],"assets":["0.d63497df2dea27196a0a.css","0-30a09471cd01c3be9fb8.js","0.d63497df2dea27196a0a.css.map","0-30a09471cd01c3be9fb8.js.map","3.878866a45e5a341816ad.css","3-96f6a903a26ab456e074.js","3.878866a45e5a341816ad.css.map","3-96f6a903a26ab456e074.js.map","component---src-pages-unterstuetzer-js-19352d19ad25486e1dec.js","component---src-pages-unterstuetzer-js-19352d19ad25486e1dec.js.map"],"children":{},"childAssets":{}}},"assetsByChunkName":{"app":["webpack-runtime-df4019c185d5385f201b.js","app-5a0660b7b9bb2f7da1a2.js"],"component---src-templates-speaker-page-js":["0.d63497df2dea27196a0a.css","0-30a09471cd01c3be9fb8.js","3.878866a45e5a341816ad.css","3-96f6a903a26ab456e074.js","component---src-templates-speaker-page-js-e850a39005c1c4e63786.js"],"component---src-templates-location-page-js":["0.d63497df2dea27196a0a.css","0-30a09471cd01c3be9fb8.js","component---src-templates-location-page-js.878866a45e5a341816ad.css","component---src-templates-location-page-js-49a432e5d381f08c14af.js"],"component---src-templates-static-page-js":["0.d63497df2dea27196a0a.css","0-30a09471cd01c3be9fb8.js","component---src-templates-static-page-js.878866a45e5a341816ad.css","component---src-templates-static-page-js-e87102a47dd8a164a65a.js"],"component---src-templates-talk-page-js":["0.d63497df2dea27196a0a.css","0-30a09471cd01c3be9fb8.js","1-2a4eeb4d2e1986026891.js","2-3c8a2d61e28dbc2dc8a9.js","3.878866a45e5a341816ad.css","3-96f6a903a26ab456e074.js","component---src-templates-talk-page-js-a58a2264b82f6f340d21.js"],"component---src-pages-404-js":["0.d63497df2dea27196a0a.css","0-30a09471cd01c3be9fb8.js","component---src-pages-404-js.878866a45e5a341816ad.css","component---src-pages-404-js-8d9a49c4503c58f9169b.js"],