{"errors":[],"warnings":[],"namedChunkGroups":{"app":{"chunks":[18,4],"assets":["webpack-runtime-cbaae40eb3fa3ff2710c.js","webpack-runtime-cbaae40eb3fa3ff2710c.js.map","app-810c4e9f472efc828c6a.js","app-810c4e9f472efc828c6a.js.map"],"children":{},"childAssets":{}},"component---src-templates-speaker-page-js":{"chunks":[0,3,5],"assets":["0.d63497df2dea27196a0a.css","0-88a36f765165d8cbbb4b.js","0.d63497df2dea27196a0a.css.map","0-88a36f765165d8cbbb4b.js.map","3.878866a45e5a341816ad.css","3-3a12281ec90c4f0505a6.js","3.878866a45e5a341816ad.css.map","3-3a12281ec90c4f0505a6.js.map","component---src-templates-speaker-page-js-d70971bd69379b0e151b.js","component---src-templates-speaker-page-js-d70971bd69379b0e151b.js.map"],"children":{},"childAssets":{}},"component---src-templates-location-page-js":{"chunks":[0,6],"assets":["0.d63497df2dea27196a0a.css","0-88a36f765165d8cbbb4b.js","0.d63497df2dea27196a0a.css.map","0-88a36f765165d8cbbb4b.js.map","component---src-templates-location-page-js.878866a45e5a341816ad.css","component---src-templates-location-page-js-86598fc01666ec2b0aad.js","component---src-templates-location-page-js.878866a45e5a341816ad.css.map","component---src-templates-location-page-js-86598fc01666ec2b0aad.js.map"],"children":{},"childAssets":{}},"component---src-templates-static-page-js":{"chunks":[0,7],"assets":["0.d63497df2dea27196a0a.css","0-88a36f765165d8cbbb4b.js","0.d63497df2dea27196a0a.css.map","0-88a36f765165d8cbbb4b.js.map","component---src-templates-static-page-js.878866a45e5a341816ad.css","component---src-templates-static-page-js-ff92f9b61576e759a901.js","component---src-templates-static-page-js.878866a45e5a341816ad.css.map","component---src-templates-static-page-js-ff92f9b61576e759a901.js.map"],"children":{},"childAssets":{}},"component---src-templates-talk-page-js":{"chunks":[0,1,2,3,8],"assets":["0.d63497df2dea27196a0a.css","0-88a36f765165d8cbbb4b.js","0.d63497df2dea27196a0a.css.map","0-88a36f765165d8cbbb4b.js.map","1-ce36f1b2307e2c32ab90.js","1-ce36f1b2307e2c32ab90.js.map","2-3c8a2d61e28dbc2dc8a9.js","2-3c8a2d61e28dbc2dc8a9.js.map","3.878866a45e5a341816ad.css","3-3a12281ec90c4f0505a6.js","3.878866a45e5a341816ad.css.map","3-3a12281ec90c4f0505a6.js.map","component---src-templates-talk-page-js-8d7d12949dcd59a02d76.js","component---src-templates-talk-page-js-8d7d12949dcd59a02d76.js.map"],"children":{},"childAssets":{}},"component---src-pages-404-js":{"chunks":[0,9],"assets":["0.d63497df2dea27196a0a.css","0-88a36f765165d8cbbb4b.js","0.d63497df2dea27196a0a.css.map","0-88a36f765165d8cbbb4b.js.map","component---src-pages-404-js.878866a45e5a341816ad.css","component---src-pages-404-js-745eebcffae3882f136a.js","component---src-pages-404-js.878866a45e5a341816ad.css.map","component---src-pages-404-js-745eebcffae3882f136a.js.map"],"children":{},"childAssets":{}},"component---src-pages-debug-redirects-js":{"chunks":[0,10],"assets":["0.d63497df2dea27196a0a.css","0-88a36f765165d8cbbb4b.js","0.d63497df2dea27196a0a.css.map","0-88a36f765165d8cbbb4b.js.map","component---src-pages-debug-redirects-js.878866a45e5a341816ad.css","component---src-pages-debug-redirects-js-4079f003c3c0e1e65474.js","component---src-pages-debug-redirects-js.878866a45e5a341816ad.css.map","component---src-pages-debug-redirects-js-4079f003c3c0e1e65474.js.map"],"children":{},"childAssets":{}},"component---src-pages-index-js":{"chunks":[0,1,2,3,11],"assets":["0.d63497df2dea27196a0a.css","0-88a36f765165d8cbbb4b.js","0.d63497df2dea27196a0a.css.map","0-88a36f765165d8cbbb4b.js.map","1-ce36f1b2307e2c32ab90.js","1-ce36f1b2307e2c32ab90.js.map","2-3c8a2d61e28dbc2dc8a9.js","2-3c8a2d61e28dbc2dc8a9.js.map","3.878866a45e5a341816ad.css","3-3a12281ec90c4f0505a6.js","3.878866a45e5a341816ad.css.map","3-3a12281ec90c4f0505a6.js.map","component---src-pages-index-js-94bb6ab83842f4efcb48.js","component---src-pages-index-js-94bb6ab83842f4efcb48.js.map"],"children":{},"childAssets":{}},"component---src-pages-locations-js":{"chunks":[0,1,12],"assets":["0.d63497df2dea27196a0a.css","0-88a36f765165d8cbbb4b.js","0.d63497df2dea27196a0a.css.map","0-88a36f765165d8cbbb4b.js.map","1-ce36f1b2307e2c32ab90.js","1-ce36f1b2307e2c32ab90.js.map","component---src-pages-locations-js.878866a45e5a341816ad.css","component---src-pages-locations-js-073e8f4c8e9562627c19.js","component---src-pages-locations-js.878866a45e5a341816ad.css.map","component---src-pages-locations-js-073e8f4c8e9562627c19.js.map"],"children":{},"childAssets":{}},"component---src-pages-speakers-js":{"chunks":[0,1,13],"assets":["0.d63497df2dea27196a0a.css","0-88a36f765165d8cbbb4b.js","0.d63497df2dea27196a0a.css.map","0-88a36f765165d8cbbb4b.js.map","1-ce36f1b2307e2c32ab90.js","1-ce36f1b2307e2c32ab90.js.map","component---src-pages-speakers-js.878866a45e5a341816ad.css","component---src-pages-speakers-js-f893c8001651a6f504ec.js","component---src-pages-speakers-js.878866a45e5a341816ad.css.map","component---src-pages-speakers-js-f893c8001651a6f504ec.js.map"],"children":{},"childAssets":{}},"component---src-pages-tags-js":{"chunks":[0,1,2,14],"assets":["0.d63497df2dea27196a0a.css","0-88a36f765165d8cbbb4b.js","0.d63497df2dea27196a0a.css.map","0-88a36f765165d8cbbb4b.js.map","1-ce36f1b2307e2c32ab90.js","1-ce36f1b2307e2c32ab90.js.map","2-3c8a2d61e28dbc2dc8a9.js","2-3c8a2d61e28dbc2dc8a9.js.map","component---src-pages-tags-js.878866a45e5a341816ad.css","component---src-pages-tags-js-77d8c2b42360d854d41c.js","component---src-pages-tags-js.878866a45e5a341816ad.css.map","component---src-pages-tags-js-77d8c2b42360d854d41c.js.map"],"children":{},"childAssets":{}},"component---src-pages-talks-js":{"chunks":[0,1,2,15],"assets":["0.d63497df2dea27196a0a.css","0-88a36f765165d8cbbb4b.js","0.d63497df2dea27196a0a.css.map","0-88a36f765165d8cbbb4b.js.map","1-ce36f1b2307e2c32ab90.js","1-ce36f1b2307e2c32ab90.js.map","2-3c8a2d61e28dbc2dc8a9.js","2-3c8a2d61e28dbc2dc8a9.js.map","component---src-pages-talks-js.878866a45e5a341816ad.css","component---src-pages-talks-js-201ad46b2878089913c5.js","component---src-pages-talks-js.878866a45e5a341816ad.css.map","component---src-pages-talks-js-201ad46b2878089913c5.js.map"],"children":{},"childAssets":{}},"component---src-pages-unterstuetzer-js":{"chunks":[0,3,16],"assets":["0.d63497df2dea27196a0a.css","0-88a36f765165d8cbbb4b.js","0.d63497df2dea27196a0a.css.map","0-88a36f765165d8cbbb4b.js.map","3.878866a45e5a341816ad.css","3-3a12281ec90c4f0505a6.js","3.878866a45e5a341816ad.css.map","3-3a12281ec90c4f0505a6.js.map","component---src-pages-unterstuetzer-js-e662897523c22f046eec.js","component---src-pages-unterstuetzer-js-e662897523c22f046eec.js.map"],"children":{},"childAssets":{}}},"assetsByChunkName":{"app":["webpack-runtime-cbaae40eb3fa3ff2710c.js","app-810c4e9f472efc828c6a.js"],"component---src-templates-speaker-page-js":["0.d63497df2dea27196a0a.css","0-88a36f765165d8cbbb4b.js","3.878866a45e5a341816ad.css","3-3a12281ec90c4f0505a6.js","component---src-templates-speaker-page-js-d70971bd69379b0e151b.js"],"component---src-templates-location-page-js":["0.d63497df2dea27196a0a.css","0-88a36f765165d8cbbb4b.js","component---src-templates-location-page-js.878866a45e5a341816ad.css","component---src-templates-location-page-js-86598fc01666ec2b0aad.js"],"component---src-templates-static-page-js":["0.d63497df2dea27196a0a.css","0-88a36f765165d8cbbb4b.js","component---src-templates-static-page-js.878866a45e5a341816ad.css","component---src-templates-static-page-js-ff92f9b61576e759a901.js"],"component---src-templates-talk-page-js":["0.d63497df2dea27196a0a.css","0-88a36f765165d8cbbb4b.js","1-ce36f1b2307e2c32ab90.js","2-3c8a2d61e28dbc2dc8a9.js","3.878866a45e5a341816ad.css","3-3a12281ec90c4f0505a6.js","component---src-templates-talk-page-js-8d7d12949dcd59a02d76.js"],"component---src-pages-404-js":["0.d63497df2dea27196a0a.css","0-88a36f765165d8cbbb4b.js","component---src-pages-404-js.878866a45e5a341816ad.css","component---src-pages-404-js-745eebcffae3882f136a.js"],