{"errors":[],"warnings":[],"namedChunkGroups":{"app":{"chunks":[18,4],"assets":["webpack-runtime-c5252be499dd32c04a1c.js","webpack-runtime-c5252be499dd32c04a1c.js.map","app-e0e25354673cc566ffc3.js","app-e0e25354673cc566ffc3.js.map"],"children":{},"childAssets":{}},"component---src-templates-speaker-page-js":{"chunks":[0,3,5],"assets":["0.d63497df2dea27196a0a.css","0-30a09471cd01c3be9fb8.js","0.d63497df2dea27196a0a.css.map","0-30a09471cd01c3be9fb8.js.map","3.878866a45e5a341816ad.css","3-dcf44bf1b55f75b40070.js","3.878866a45e5a341816ad.css.map","3-dcf44bf1b55f75b40070.js.map","component---src-templates-speaker-page-js-e850a39005c1c4e63786.js","component---src-templates-speaker-page-js-e850a39005c1c4e63786.js.map"],"children":{},"childAssets":{}},"component---src-templates-location-page-js":{"chunks":[0,6],"assets":["0.d63497df2dea27196a0a.css","0-30a09471cd01c3be9fb8.js","0.d63497df2dea27196a0a.css.map","0-30a09471cd01c3be9fb8.js.map","component---src-templates-location-page-js.878866a45e5a341816ad.css","component---src-templates-location-page-js-2992dcc9f2e854a3632e.js","component---src-templates-location-page-js.878866a45e5a341816ad.css.map","component---src-templates-location-page-js-2992dcc9f2e854a3632e.js.map"],"children":{},"childAssets":{}},"component---src-templates-static-page-js":{"chunks":[0,7],"assets":["0.d63497df2dea27196a0a.css","0-30a09471cd01c3be9fb8.js","0.d63497df2dea27196a0a.css.map","0-30a09471cd01c3be9fb8.js.map","component---src-templates-static-page-js.878866a45e5a341816ad.css","component---src-templates-static-page-js-0b8264de3ab485f92383.js","component---src-templates-static-page-js.878866a45e5a341816ad.css.map","component---src-templates-static-page-js-0b8264de3ab485f92383.js.map"],"children":{},"childAssets":{}},"component---src-templates-talk-page-js":{"chunks":[0,1,2,3,8],"assets":["0.d63497df2dea27196a0a.css","0-30a09471cd01c3be9fb8.js","0.d63497df2dea27196a0a.css.map","0-30a09471cd01c3be9fb8.js.map","1-2a4eeb4d2e1986026891.js","1-2a4eeb4d2e1986026891.js.map","2-3c8a2d61e28dbc2dc8a9.js","2-3c8a2d61e28dbc2dc8a9.js.map","3.878866a45e5a341816ad.css","3-dcf44bf1b55f75b40070.js","3.878866a45e5a341816ad.css.map","3-dcf44bf1b55f75b40070.js.map","component---src-templates-talk-page-js-a58a2264b82f6f340d21.js","component---src-templates-talk-page-js-a58a2264b82f6f340d21.js.map"],"children":{},"childAssets":{}},"component---src-pages-404-js":{"chunks":[0,9],"assets":["0.d63497df2dea27196a0a.css","0-30a09471cd01c3be9fb8.js","0.d63497df2dea27196a0a.css.map","0-30a09471cd01c3be9fb8.js.map","component---src-pages-404-js.878866a45e5a341816ad.css","component---src-pages-404-js-c95336c33e2593a88340.js","component---src-pages-404-js.878866a45e5a341816ad.css.map","component---src-pages-404-js-c95336c33e2593a88340.js.map"],"children":{},"childAssets":{}},"component---src-pages-debug-redirects-js":{"chunks":[0,10],"assets":["0.d63497df2dea27196a0a.css","0-30a09471cd01c3be9fb8.js","0.d63497df2dea27196a0a.css.map","0-30a09471cd01c3be9fb8.js.map","component---src-pages-debug-redirects-js.878866a45e5a341816ad.css","component---src-pages-debug-redirects-js-110291aa4ed9e6d06f3e.js","component---src-pages-debug-redirects-js.878866a45e5a341816ad.css.map","component---src-pages-debug-redirects-js-110291aa4ed9e6d06f3e.js.map"],"children":{},"childAssets":{}},"component---src-pages-index-js":{"chunks":[0,1,2,3,11],"assets":["0.d63497df2dea27196a0a.css","0-30a09471cd01c3be9fb8.js","0.d63497df2dea27196a0a.css.map","0-30a09471cd01c3be9fb8.js.map","1-2a4eeb4d2e1986026891.js","1-2a4eeb4d2e1986026891.js.map","2-3c8a2d61e28dbc2dc8a9.js","2-3c8a2d61e28dbc2dc8a9.js.map","3.878866a45e5a341816ad.css","3-dcf44bf1b55f75b40070.js","3.878866a45e5a341816ad.css.map","3-dcf44bf1b55f75b40070.js.map","component---src-pages-index-js-a975e7d3034ccb9f5b33.js","component---src-pages-index-js-a975e7d3034ccb9f5b33.js.map"],"children":{},"childAssets":{}},"component---src-pages-locations-js":{"chunks":[0,1,12],"assets":["0.d63497df2dea27196a0a.css","0-30a09471cd01c3be9fb8.js","0.d63497df2dea27196a0a.css.map","0-30a09471cd01c3be9fb8.js.map","1-2a4eeb4d2e1986026891.js","1-2a4eeb4d2e1986026891.js.map","component---src-pages-locations-js.878866a45e5a341816ad.css","component---src-pages-locations-js-af3a8a0501a1dfe01fb3.js","component---src-pages-locations-js.878866a45e5a341816ad.css.map","component---src-pages-locations-js-af3a8a0501a1dfe01fb3.js.map"],"children":{},"childAssets":{}},"component---src-pages-speakers-js":{"chunks":[0,1,13],"assets":["0.d63497df2dea27196a0a.css","0-30a09471cd01c3be9fb8.js","0.d63497df2dea27196a0a.css.map","0-30a09471cd01c3be9fb8.js.map","1-2a4eeb4d2e1986026891.js","1-2a4eeb4d2e1986026891.js.map","component---src-pages-speakers-js.878866a45e5a341816ad.css","component---src-pages-speakers-js-8485d0994a4fe11f8fbb.js","component---src-pages-speakers-js.878866a45e5a341816ad.css.map","component---src-pages-speakers-js-8485d0994a4fe11f8fbb.js.map"],"children":{},"childAssets":{}},"component---src-pages-tags-js":{"chunks":[0,1,2,14],"assets":["0.d63497df2dea27196a0a.css","0-30a09471cd01c3be9fb8.js","0.d63497df2dea27196a0a.css.map","0-30a09471cd01c3be9fb8.js.map","1-2a4eeb4d2e1986026891.js","1-2a4eeb4d2e1986026891.js.map","2-3c8a2d61e28dbc2dc8a9.js","2-3c8a2d61e28dbc2dc8a9.js.map","component---src-pages-tags-js.878866a45e5a341816ad.css","component---src-pages-tags-js-51fc824d338d531f9070.js","component---src-pages-tags-js.878866a45e5a341816ad.css.map","component---src-pages-tags-js-51fc824d338d531f9070.js.map"],"children":{},"childAssets":{}},"component---src-pages-talks-js":{"chunks":[0,1,2,15],"assets":["0.d63497df2dea27196a0a.css","0-30a09471cd01c3be9fb8.js","0.d63497df2dea27196a0a.css.map","0-30a09471cd01c3be9fb8.js.map","1-2a4eeb4d2e1986026891.js","1-2a4eeb4d2e1986026891.js.map","2-3c8a2d61e28dbc2dc8a9.js","2-3c8a2d61e28dbc2dc8a9.js.map","component---src-pages-talks-js.878866a45e5a341816ad.css","component---src-pages-talks-js-9a9f8c8548c830208540.js","component---src-pages-talks-js.878866a45e5a341816ad.css.map","component---src-pages-talks-js-9a9f8c8548c830208540.js.map"],"children":{},"childAssets":{}},"component---src-pages-unterstuetzer-js":{"chunks":[0,3,16],"assets":["0.d63497df2dea27196a0a.css","0-30a09471cd01c3be9fb8.js","0.d63497df2dea27196a0a.css.map","0-30a09471cd01c3be9fb8.js.map","3.878866a45e5a341816ad.css","3-dcf44bf1b55f75b40070.js","3.878866a45e5a341816ad.css.map","3-dcf44bf1b55f75b40070.js.map","component---src-pages-unterstuetzer-js-19352d19ad25486e1dec.js","component---src-pages-unterstuetzer-js-19352d19ad25486e1dec.js.map"],"children":{},"childAssets":{}}},"assetsByChunkName":{"app":["webpack-runtime-c5252be499dd32c04a1c.js","app-e0e25354673cc566ffc3.js"],"component---src-templates-speaker-page-js":["0.d63497df2dea27196a0a.css","0-30a09471cd01c3be9fb8.js","3.878866a45e5a341816ad.css","3-dcf44bf1b55f75b40070.js","component---src-templates-speaker-page-js-e850a39005c1c4e63786.js"],"component---src-templates-location-page-js":["0.d63497df2dea27196a0a.css","0-30a09471cd01c3be9fb8.js","component---src-templates-location-page-js.878866a45e5a341816ad.css","component---src-templates-location-page-js-2992dcc9f2e854a3632e.js"],"component---src-templates-static-page-js":["0.d63497df2dea27196a0a.css","0-30a09471cd01c3be9fb8.js","component---src-templates-static-page-js.878866a45e5a341816ad.css","component---src-templates-static-page-js-0b8264de3ab485f92383.js"],"component---src-templates-talk-page-js":["0.d63497df2dea27196a0a.css","0-30a09471cd01c3be9fb8.js","1-2a4eeb4d2e1986026891.js","2-3c8a2d61e28dbc2dc8a9.js","3.878866a45e5a341816ad.css","3-dcf44bf1b55f75b40070.js","component---src-templates-talk-page-js-a58a2264b82f6f340d21.js"],"component---src-pages-404-js":["0.d63497df2dea27196a0a.css","0-30a09471cd01c3be9fb8.js","component---src-pages-404-js.878866a45e5a341816ad.css","component---src-pages-404-js-c95336c33e2593a88340.js"],