{"errors":[],"warnings":[],"namedChunkGroups":{"app":{"chunks":[18,4],"assets":["webpack-runtime-4cdd1f2c7dc440fd4442.js","webpack-runtime-4cdd1f2c7dc440fd4442.js.map","app-810c4e9f472efc828c6a.js","app-810c4e9f472efc828c6a.js.map"],"children":{},"childAssets":{}},"component---src-templates-speaker-page-js":{"chunks":[0,3,5],"assets":["0.d63497df2dea27196a0a.css","0-88a36f765165d8cbbb4b.js","0.d63497df2dea27196a0a.css.map","0-88a36f765165d8cbbb4b.js.map","3.878866a45e5a341816ad.css","3-1d0fc8059f9097ebc34c.js","3.878866a45e5a341816ad.css.map","3-1d0fc8059f9097ebc34c.js.map","component---src-templates-speaker-page-js-d70971bd69379b0e151b.js","component---src-templates-speaker-page-js-d70971bd69379b0e151b.js.map"],"children":{},"childAssets":{}},"component---src-templates-location-page-js":{"chunks":[0,6],"assets":["0.d63497df2dea27196a0a.css","0-88a36f765165d8cbbb4b.js","0.d63497df2dea27196a0a.css.map","0-88a36f765165d8cbbb4b.js.map","component---src-templates-location-page-js.878866a45e5a341816ad.css","component---src-templates-location-page-js-a7f03594c3344d056fd0.js","component---src-templates-location-page-js.878866a45e5a341816ad.css.map","component---src-templates-location-page-js-a7f03594c3344d056fd0.js.map"],"children":{},"childAssets":{}},"component---src-templates-static-page-js":{"chunks":[0,7],"assets":["0.d63497df2dea27196a0a.css","0-88a36f765165d8cbbb4b.js","0.d63497df2dea27196a0a.css.map","0-88a36f765165d8cbbb4b.js.map","component---src-templates-static-page-js.878866a45e5a341816ad.css","component---src-templates-static-page-js-503d703a3cfb3d021a94.js","component---src-templates-static-page-js.878866a45e5a341816ad.css.map","component---src-templates-static-page-js-503d703a3cfb3d021a94.js.map"],"children":{},"childAssets":{}},"component---src-templates-talk-page-js":{"chunks":[0,1,2,3,8],"assets":["0.d63497df2dea27196a0a.css","0-88a36f765165d8cbbb4b.js","0.d63497df2dea27196a0a.css.map","0-88a36f765165d8cbbb4b.js.map","1-ce36f1b2307e2c32ab90.js","1-ce36f1b2307e2c32ab90.js.map","2-3c8a2d61e28dbc2dc8a9.js","2-3c8a2d61e28dbc2dc8a9.js.map","3.878866a45e5a341816ad.css","3-1d0fc8059f9097ebc34c.js","3.878866a45e5a341816ad.css.map","3-1d0fc8059f9097ebc34c.js.map","component---src-templates-talk-page-js-8d7d12949dcd59a02d76.js","component---src-templates-talk-page-js-8d7d12949dcd59a02d76.js.map"],"children":{},"childAssets":{}},"component---src-pages-404-js":{"chunks":[0,9],"assets":["0.d63497df2dea27196a0a.css","0-88a36f765165d8cbbb4b.js","0.d63497df2dea27196a0a.css.map","0-88a36f765165d8cbbb4b.js.map","component---src-pages-404-js.878866a45e5a341816ad.css","component---src-pages-404-js-68cc11025d19dc5fd662.js","component---src-pages-404-js.878866a45e5a341816ad.css.map","component---src-pages-404-js-68cc11025d19dc5fd662.js.map"],"children":{},"childAssets":{}},"component---src-pages-debug-redirects-js":{"chunks":[0,10],"assets":["0.d63497df2dea27196a0a.css","0-88a36f765165d8cbbb4b.js","0.d63497df2dea27196a0a.css.map","0-88a36f765165d8cbbb4b.js.map","component---src-pages-debug-redirects-js.878866a45e5a341816ad.css","component---src-pages-debug-redirects-js-32fb258d20c6e2abe65e.js","component---src-pages-debug-redirects-js.878866a45e5a341816ad.css.map","component---src-pages-debug-redirects-js-32fb258d20c6e2abe65e.js.map"],"children":{},"childAssets":{}},"component---src-pages-index-js":{"chunks":[0,1,2,3,11],"assets":["0.d63497df2dea27196a0a.css","0-88a36f765165d8cbbb4b.js","0.d63497df2dea27196a0a.css.map","0-88a36f765165d8cbbb4b.js.map","1-ce36f1b2307e2c32ab90.js","1-ce36f1b2307e2c32ab90.js.map","2-3c8a2d61e28dbc2dc8a9.js","2-3c8a2d61e28dbc2dc8a9.js.map","3.878866a45e5a341816ad.css","3-1d0fc8059f9097ebc34c.js","3.878866a45e5a341816ad.css.map","3-1d0fc8059f9097ebc34c.js.map","component---src-pages-index-js-94bb6ab83842f4efcb48.js","component---src-pages-index-js-94bb6ab83842f4efcb48.js.map"],"children":{},"childAssets":{}},"component---src-pages-locations-js":{"chunks":[0,1,12],"assets":["0.d63497df2dea27196a0a.css","0-88a36f765165d8cbbb4b.js","0.d63497df2dea27196a0a.css.map","0-88a36f765165d8cbbb4b.js.map","1-ce36f1b2307e2c32ab90.js","1-ce36f1b2307e2c32ab90.js.map","component---src-pages-locations-js.878866a45e5a341816ad.css","component---src-pages-locations-js-b946c2f1d9da935c4ece.js","component---src-pages-locations-js.878866a45e5a341816ad.css.map","component---src-pages-locations-js-b946c2f1d9da935c4ece.js.map"],"children":{},"childAssets":{}},"component---src-pages-speakers-js":{"chunks":[0,1,13],"assets":["0.d63497df2dea27196a0a.css","0-88a36f765165d8cbbb4b.js","0.d63497df2dea27196a0a.css.map","0-88a36f765165d8cbbb4b.js.map","1-ce36f1b2307e2c32ab90.js","1-ce36f1b2307e2c32ab90.js.map","component---src-pages-speakers-js.878866a45e5a341816ad.css","component---src-pages-speakers-js-c6ca0e1ac4ea090a6d0c.js","component---src-pages-speakers-js.878866a45e5a341816ad.css.map","component---src-pages-speakers-js-c6ca0e1ac4ea090a6d0c.js.map"],"children":{},"childAssets":{}},"component---src-pages-tags-js":{"chunks":[0,1,2,14],"assets":["0.d63497df2dea27196a0a.css","0-88a36f765165d8cbbb4b.js","0.d63497df2dea27196a0a.css.map","0-88a36f765165d8cbbb4b.js.map","1-ce36f1b2307e2c32ab90.js","1-ce36f1b2307e2c32ab90.js.map","2-3c8a2d61e28dbc2dc8a9.js","2-3c8a2d61e28dbc2dc8a9.js.map","component---src-pages-tags-js.878866a45e5a341816ad.css","component---src-pages-tags-js-3176e7e0cf8acfae752e.js","component---src-pages-tags-js.878866a45e5a341816ad.css.map","component---src-pages-tags-js-3176e7e0cf8acfae752e.js.map"],"children":{},"childAssets":{}},"component---src-pages-talks-js":{"chunks":[0,1,2,15],"assets":["0.d63497df2dea27196a0a.css","0-88a36f765165d8cbbb4b.js","0.d63497df2dea27196a0a.css.map","0-88a36f765165d8cbbb4b.js.map","1-ce36f1b2307e2c32ab90.js","1-ce36f1b2307e2c32ab90.js.map","2-3c8a2d61e28dbc2dc8a9.js","2-3c8a2d61e28dbc2dc8a9.js.map","component---src-pages-talks-js.878866a45e5a341816ad.css","component---src-pages-talks-js-0fd587342f80eee4c47d.js","component---src-pages-talks-js.878866a45e5a341816ad.css.map","component---src-pages-talks-js-0fd587342f80eee4c47d.js.map"],"children":{},"childAssets":{}},"component---src-pages-unterstuetzer-js":{"chunks":[0,3,16],"assets":["0.d63497df2dea27196a0a.css","0-88a36f765165d8cbbb4b.js","0.d63497df2dea27196a0a.css.map","0-88a36f765165d8cbbb4b.js.map","3.878866a45e5a341816ad.css","3-1d0fc8059f9097ebc34c.js","3.878866a45e5a341816ad.css.map","3-1d0fc8059f9097ebc34c.js.map","component---src-pages-unterstuetzer-js-e662897523c22f046eec.js","component---src-pages-unterstuetzer-js-e662897523c22f046eec.js.map"],"children":{},"childAssets":{}}},"assetsByChunkName":{"app":["webpack-runtime-4cdd1f2c7dc440fd4442.js","app-810c4e9f472efc828c6a.js"],"component---src-templates-speaker-page-js":["0.d63497df2dea27196a0a.css","0-88a36f765165d8cbbb4b.js","3.878866a45e5a341816ad.css","3-1d0fc8059f9097ebc34c.js","component---src-templates-speaker-page-js-d70971bd69379b0e151b.js"],"component---src-templates-location-page-js":["0.d63497df2dea27196a0a.css","0-88a36f765165d8cbbb4b.js","component---src-templates-location-page-js.878866a45e5a341816ad.css","component---src-templates-location-page-js-a7f03594c3344d056fd0.js"],"component---src-templates-static-page-js":["0.d63497df2dea27196a0a.css","0-88a36f765165d8cbbb4b.js","component---src-templates-static-page-js.878866a45e5a341816ad.css","component---src-templates-static-page-js-503d703a3cfb3d021a94.js"],"component---src-templates-talk-page-js":["0.d63497df2dea27196a0a.css","0-88a36f765165d8cbbb4b.js","1-ce36f1b2307e2c32ab90.js","2-3c8a2d61e28dbc2dc8a9.js","3.878866a45e5a341816ad.css","3-1d0fc8059f9097ebc34c.js","component---src-templates-talk-page-js-8d7d12949dcd59a02d76.js"],"component---src-pages-404-js":["0.d63497df2dea27196a0a.css","0-88a36f765165d8cbbb4b.js","component---src-pages-404-js.878866a45e5a341816ad.css","component---src-pages-404-js-68cc11025d19dc5fd662.js"],