{"errors":[],"warnings":[],"namedChunkGroups":{"app":{"chunks":[18,4],"assets":["webpack-runtime-b5d79a2df2bbd27d41a1.js","webpack-runtime-b5d79a2df2bbd27d41a1.js.map","app-fb5a81715311a401e3ca.js","app-fb5a81715311a401e3ca.js.map"],"children":{},"childAssets":{}},"component---src-templates-speaker-page-js":{"chunks":[0,3,5],"assets":["0.d63497df2dea27196a0a.css","0-30a09471cd01c3be9fb8.js","0.d63497df2dea27196a0a.css.map","0-30a09471cd01c3be9fb8.js.map","3.878866a45e5a341816ad.css","3-983499d448de1ce16776.js","3.878866a45e5a341816ad.css.map","3-983499d448de1ce16776.js.map","component---src-templates-speaker-page-js-e850a39005c1c4e63786.js","component---src-templates-speaker-page-js-e850a39005c1c4e63786.js.map"],"children":{},"childAssets":{}},"component---src-templates-location-page-js":{"chunks":[0,6],"assets":["0.d63497df2dea27196a0a.css","0-30a09471cd01c3be9fb8.js","0.d63497df2dea27196a0a.css.map","0-30a09471cd01c3be9fb8.js.map","component---src-templates-location-page-js.878866a45e5a341816ad.css","component---src-templates-location-page-js-ee6e94323d42c198bd1c.js","component---src-templates-location-page-js.878866a45e5a341816ad.css.map","component---src-templates-location-page-js-ee6e94323d42c198bd1c.js.map"],"children":{},"childAssets":{}},"component---src-templates-static-page-js":{"chunks":[0,7],"assets":["0.d63497df2dea27196a0a.css","0-30a09471cd01c3be9fb8.js","0.d63497df2dea27196a0a.css.map","0-30a09471cd01c3be9fb8.js.map","component---src-templates-static-page-js.878866a45e5a341816ad.css","component---src-templates-static-page-js-517566856a1bad84e89b.js","component---src-templates-static-page-js.878866a45e5a341816ad.css.map","component---src-templates-static-page-js-517566856a1bad84e89b.js.map"],"children":{},"childAssets":{}},"component---src-templates-talk-page-js":{"chunks":[0,1,2,3,8],"assets":["0.d63497df2dea27196a0a.css","0-30a09471cd01c3be9fb8.js","0.d63497df2dea27196a0a.css.map","0-30a09471cd01c3be9fb8.js.map","1-2a4eeb4d2e1986026891.js","1-2a4eeb4d2e1986026891.js.map","2-3c8a2d61e28dbc2dc8a9.js","2-3c8a2d61e28dbc2dc8a9.js.map","3.878866a45e5a341816ad.css","3-983499d448de1ce16776.js","3.878866a45e5a341816ad.css.map","3-983499d448de1ce16776.js.map","component---src-templates-talk-page-js-a58a2264b82f6f340d21.js","component---src-templates-talk-page-js-a58a2264b82f6f340d21.js.map"],"children":{},"childAssets":{}},"component---src-pages-404-js":{"chunks":[0,9],"assets":["0.d63497df2dea27196a0a.css","0-30a09471cd01c3be9fb8.js","0.d63497df2dea27196a0a.css.map","0-30a09471cd01c3be9fb8.js.map","component---src-pages-404-js.878866a45e5a341816ad.css","component---src-pages-404-js-11d21635f9dbc91ca98d.js","component---src-pages-404-js.878866a45e5a341816ad.css.map","component---src-pages-404-js-11d21635f9dbc91ca98d.js.map"],"children":{},"childAssets":{}},"component---src-pages-debug-redirects-js":{"chunks":[0,10],"assets":["0.d63497df2dea27196a0a.css","0-30a09471cd01c3be9fb8.js","0.d63497df2dea27196a0a.css.map","0-30a09471cd01c3be9fb8.js.map","component---src-pages-debug-redirects-js.878866a45e5a341816ad.css","component---src-pages-debug-redirects-js-05a94b46fdc4d4281147.js","component---src-pages-debug-redirects-js.878866a45e5a341816ad.css.map","component---src-pages-debug-redirects-js-05a94b46fdc4d4281147.js.map"],"children":{},"childAssets":{}},"component---src-pages-index-js":{"chunks":[0,1,2,3,11],"assets":["0.d63497df2dea27196a0a.css","0-30a09471cd01c3be9fb8.js","0.d63497df2dea27196a0a.css.map","0-30a09471cd01c3be9fb8.js.map","1-2a4eeb4d2e1986026891.js","1-2a4eeb4d2e1986026891.js.map","2-3c8a2d61e28dbc2dc8a9.js","2-3c8a2d61e28dbc2dc8a9.js.map","3.878866a45e5a341816ad.css","3-983499d448de1ce16776.js","3.878866a45e5a341816ad.css.map","3-983499d448de1ce16776.js.map","component---src-pages-index-js-3d5442e5766999b7f737.js","component---src-pages-index-js-3d5442e5766999b7f737.js.map"],"children":{},"childAssets":{}},"component---src-pages-locations-js":{"chunks":[0,1,12],"assets":["0.d63497df2dea27196a0a.css","0-30a09471cd01c3be9fb8.js","0.d63497df2dea27196a0a.css.map","0-30a09471cd01c3be9fb8.js.map","1-2a4eeb4d2e1986026891.js","1-2a4eeb4d2e1986026891.js.map","component---src-pages-locations-js.878866a45e5a341816ad.css","component---src-pages-locations-js-634f2e7bd18c29b84d40.js","component---src-pages-locations-js.878866a45e5a341816ad.css.map","component---src-pages-locations-js-634f2e7bd18c29b84d40.js.map"],"children":{},"childAssets":{}},"component---src-pages-speakers-js":{"chunks":[0,1,13],"assets":["0.d63497df2dea27196a0a.css","0-30a09471cd01c3be9fb8.js","0.d63497df2dea27196a0a.css.map","0-30a09471cd01c3be9fb8.js.map","1-2a4eeb4d2e1986026891.js","1-2a4eeb4d2e1986026891.js.map","component---src-pages-speakers-js.878866a45e5a341816ad.css","component---src-pages-speakers-js-2c228eb88dad3f959039.js","component---src-pages-speakers-js.878866a45e5a341816ad.css.map","component---src-pages-speakers-js-2c228eb88dad3f959039.js.map"],"children":{},"childAssets":{}},"component---src-pages-tags-js":{"chunks":[0,1,2,14],"assets":["0.d63497df2dea27196a0a.css","0-30a09471cd01c3be9fb8.js","0.d63497df2dea27196a0a.css.map","0-30a09471cd01c3be9fb8.js.map","1-2a4eeb4d2e1986026891.js","1-2a4eeb4d2e1986026891.js.map","2-3c8a2d61e28dbc2dc8a9.js","2-3c8a2d61e28dbc2dc8a9.js.map","component---src-pages-tags-js.878866a45e5a341816ad.css","component---src-pages-tags-js-97a65dbf0ba85d2a9320.js","component---src-pages-tags-js.878866a45e5a341816ad.css.map","component---src-pages-tags-js-97a65dbf0ba85d2a9320.js.map"],"children":{},"childAssets":{}},"component---src-pages-talks-js":{"chunks":[0,1,2,15],"assets":["0.d63497df2dea27196a0a.css","0-30a09471cd01c3be9fb8.js","0.d63497df2dea27196a0a.css.map","0-30a09471cd01c3be9fb8.js.map","1-2a4eeb4d2e1986026891.js","1-2a4eeb4d2e1986026891.js.map","2-3c8a2d61e28dbc2dc8a9.js","2-3c8a2d61e28dbc2dc8a9.js.map","component---src-pages-talks-js.878866a45e5a341816ad.css","component---src-pages-talks-js-b72352896e0170c5f172.js","component---src-pages-talks-js.878866a45e5a341816ad.css.map","component---src-pages-talks-js-b72352896e0170c5f172.js.map"],"children":{},"childAssets":{}},"component---src-pages-unterstuetzer-js":{"chunks":[0,3,16],"assets":["0.d63497df2dea27196a0a.css","0-30a09471cd01c3be9fb8.js","0.d63497df2dea27196a0a.css.map","0-30a09471cd01c3be9fb8.js.map","3.878866a45e5a341816ad.css","3-983499d448de1ce16776.js","3.878866a45e5a341816ad.css.map","3-983499d448de1ce16776.js.map","component---src-pages-unterstuetzer-js-180b5dbe2fb41998448a.js","component---src-pages-unterstuetzer-js-180b5dbe2fb41998448a.js.map"],"children":{},"childAssets":{}}},"assetsByChunkName":{"app":["webpack-runtime-b5d79a2df2bbd27d41a1.js","app-fb5a81715311a401e3ca.js"],"component---src-templates-speaker-page-js":["0.d63497df2dea27196a0a.css","0-30a09471cd01c3be9fb8.js","3.878866a45e5a341816ad.css","3-983499d448de1ce16776.js","component---src-templates-speaker-page-js-e850a39005c1c4e63786.js"],"component---src-templates-location-page-js":["0.d63497df2dea27196a0a.css","0-30a09471cd01c3be9fb8.js","component---src-templates-location-page-js.878866a45e5a341816ad.css","component---src-templates-location-page-js-ee6e94323d42c198bd1c.js"],"component---src-templates-static-page-js":["0.d63497df2dea27196a0a.css","0-30a09471cd01c3be9fb8.js","component---src-templates-static-page-js.878866a45e5a341816ad.css","component---src-templates-static-page-js-517566856a1bad84e89b.js"],"component---src-templates-talk-page-js":["0.d63497df2dea27196a0a.css","0-30a09471cd01c3be9fb8.js","1-2a4eeb4d2e1986026891.js","2-3c8a2d61e28dbc2dc8a9.js","3.878866a45e5a341816ad.css","3-983499d448de1ce16776.js","component---src-templates-talk-page-js-a58a2264b82f6f340d21.js"],"component---src-pages-404-js":["0.d63497df2dea27196a0a.css","0-30a09471cd01c3be9fb8.js","component---src-pages-404-js.878866a45e5a341816ad.css","component---src-pages-404-js-11d21635f9dbc91ca98d.js"],